"Fmin","Fmin_B","CFI","RMSEA","FC","Percent_Missing","Number_Of_Patterns","Number_of_Missing_Variables","Missing_Mechanism"
1e-04,5.5509,1,3e-04,1,"0%"," Minimum Missing Pattern"," Two Variables with Missing","  MCAR"
0.1071,5.1431,0.9792,0.0445,0.9,"0%"," Minimum Missing Pattern"," Two Variables with Missing","  MCAR"
0.3304,4.8812,0.9323,0.0782,0.8,"0%"," Minimum Missing Pattern"," Two Variables with Missing","  MCAR"
0.6033,4.6962,0.8716,0.1057,0.7,"0%"," Minimum Missing Pattern"," Two Variables with Missing","  MCAR"
0.8991,4.5597,0.8028,0.129,0.6,"0%"," Minimum Missing Pattern"," Two Variables with Missing","  MCAR"
1.2052,4.4573,0.7296,0.1494,0.5,"0%"," Minimum Missing Pattern"," Two Variables with Missing","  MCAR"
1.5146,4.3807,0.6543,0.1675,0.4,"0%"," Minimum Missing Pattern"," Two Variables with Missing","  MCAR"
1.7912,4.3251,0.5859,0.1821,0.3,"0%"," Minimum Missing Pattern"," Two Variables with Missing","  MCAR"
1.9814,4.2872,0.5379,0.1915,0.2,"0%"," Minimum Missing Pattern"," Two Variables with Missing","  MCAR"
1e-04,5.3147,1,5e-04,1,"20%"," Minimum Missing Pattern"," Two Variables with Missing","  MCAR"
0.0998,4.9223,0.9797,0.043,0.9,"20%"," Minimum Missing Pattern"," Two Variables with Missing","  MCAR"
0.3089,4.6669,0.9338,0.0756,0.8,"20%"," Minimum Missing Pattern"," Two Variables with Missing","  MCAR"
0.5663,4.4866,0.8738,0.1024,0.7,"20%"," Minimum Missing Pattern"," Two Variables with Missing","  MCAR"
0.844,4.353,0.8061,0.125,0.6,"20%"," Minimum Missing Pattern"," Two Variables with Missing","  MCAR"
1.1309,4.2515,0.734,0.1447,0.5,"20%"," Minimum Missing Pattern"," Two Variables with Missing","  MCAR"
1.4046,4.176,0.6637,0.1613,0.4,"20%"," Minimum Missing Pattern"," Two Variables with Missing","  MCAR"
1.6339,4.1213,0.6036,0.1739,0.3,"20%"," Minimum Missing Pattern"," Two Variables with Missing","  MCAR"
1.7972,4.084,0.5599,0.1824,0.2,"20%"," Minimum Missing Pattern"," Two Variables with Missing","  MCAR"
1e-04,4.9622,1,4e-04,1,"50%"," Minimum Missing Pattern"," Two Variables with Missing","  MCAR"
0.0884,4.5914,0.9808,0.0405,0.9,"50%"," Minimum Missing Pattern"," Two Variables with Missing","  MCAR"
0.2752,4.3477,0.9367,0.0714,0.8,"50%"," Minimum Missing Pattern"," Two Variables with Missing","  MCAR"
0.5037,4.1713,0.8793,0.0966,0.7,"50%"," Minimum Missing Pattern"," Two Variables with Missing","  MCAR"
0.7478,4.041,0.8149,0.1177,0.6,"50%"," Minimum Missing Pattern"," Two Variables with Missing","  MCAR"
0.9934,3.9434,0.7481,0.1356,0.5,"50%"," Minimum Missing Pattern"," Two Variables with Missing","  MCAR"
1.2111,3.8687,0.687,0.1498,0.4,"50%"," Minimum Missing Pattern"," Two Variables with Missing","  MCAR"
1.3906,3.816,0.6356,0.1605,0.3,"50%"," Minimum Missing Pattern"," Two Variables with Missing","  MCAR"
1.5184,3.7789,0.5982,0.1677,0.2,"50%"," Minimum Missing Pattern"," Two Variables with Missing","  MCAR"
1e-04,5.5509,1,3e-04,1,"0%","Maximum Missing Pattern"," Two Variables with Missing","  MCAR"
0.1071,5.1431,0.9792,0.0445,0.9,"0%","Maximum Missing Pattern"," Two Variables with Missing","  MCAR"
0.3304,4.8812,0.9323,0.0782,0.8,"0%","Maximum Missing Pattern"," Two Variables with Missing","  MCAR"
0.6033,4.6962,0.8716,0.1057,0.7,"0%","Maximum Missing Pattern"," Two Variables with Missing","  MCAR"
0.8991,4.5597,0.8028,0.129,0.6,"0%","Maximum Missing Pattern"," Two Variables with Missing","  MCAR"
1.2052,4.4573,0.7296,0.1494,0.5,"0%","Maximum Missing Pattern"," Two Variables with Missing","  MCAR"
1.5146,4.3807,0.6543,0.1675,0.4,"0%","Maximum Missing Pattern"," Two Variables with Missing","  MCAR"
1.7912,4.3251,0.5859,0.1821,0.3,"0%","Maximum Missing Pattern"," Two Variables with Missing","  MCAR"
1.9814,4.2872,0.5379,0.1915,0.2,"0%","Maximum Missing Pattern"," Two Variables with Missing","  MCAR"
1e-04,5.3139,1,4e-04,1,"20%","Maximum Missing Pattern"," Two Variables with Missing","  MCAR"
0.1001,4.92,0.9797,0.043,0.9,"20%","Maximum Missing Pattern"," Two Variables with Missing","  MCAR"
0.3096,4.6649,0.9337,0.0757,0.8,"20%","Maximum Missing Pattern"," Two Variables with Missing","  MCAR"
0.5677,4.4841,0.8734,0.1025,0.7,"20%","Maximum Missing Pattern"," Two Variables with Missing","  MCAR"
0.8449,4.349,0.8057,0.1251,0.6,"20%","Maximum Missing Pattern"," Two Variables with Missing","  MCAR"
1.1327,4.248,0.7334,0.1448,0.5,"20%","Maximum Missing Pattern"," Two Variables with Missing","  MCAR"
1.4056,4.1721,0.6631,0.1613,0.4,"20%","Maximum Missing Pattern"," Two Variables with Missing","  MCAR"
1.6323,4.1172,0.6035,0.1739,0.3,"20%","Maximum Missing Pattern"," Two Variables with Missing","  MCAR"
1.7939,4.0796,0.5603,0.1823,0.2,"20%","Maximum Missing Pattern"," Two Variables with Missing","  MCAR"
1e-04,4.9605,1,0,1,"50%","Maximum Missing Pattern"," Two Variables with Missing","  MCAR"
0.0888,4.5886,0.9807,0.0405,0.9,"50%","Maximum Missing Pattern"," Two Variables with Missing","  MCAR"
0.2764,4.3442,0.9364,0.0715,0.8,"50%","Maximum Missing Pattern"," Two Variables with Missing","  MCAR"
0.5062,4.1674,0.8785,0.0968,0.7,"50%","Maximum Missing Pattern"," Two Variables with Missing","  MCAR"
0.7498,4.036,0.8142,0.1178,0.6,"50%","Maximum Missing Pattern"," Two Variables with Missing","  MCAR"
0.9953,3.9377,0.7472,0.1358,0.5,"50%","Maximum Missing Pattern"," Two Variables with Missing","  MCAR"
1.2123,3.864,0.6863,0.1498,0.4,"50%","Maximum Missing Pattern"," Two Variables with Missing","  MCAR"
1.3885,3.8106,0.6356,0.1603,0.3,"50%","Maximum Missing Pattern"," Two Variables with Missing","  MCAR"
1.5147,3.7738,0.5986,0.1675,0.2,"50%","Maximum Missing Pattern"," Two Variables with Missing","  MCAR"
1e-04,5.5509,1,3e-04,1,"0%"," Minimum Missing Pattern","Four Variables with Missing","  MCAR"
0.1071,5.1431,0.9792,0.0445,0.9,"0%"," Minimum Missing Pattern","Four Variables with Missing","  MCAR"
0.3304,4.8812,0.9323,0.0782,0.8,"0%"," Minimum Missing Pattern","Four Variables with Missing","  MCAR"
0.6033,4.6962,0.8716,0.1057,0.7,"0%"," Minimum Missing Pattern","Four Variables with Missing","  MCAR"
0.8991,4.5597,0.8028,0.129,0.6,"0%"," Minimum Missing Pattern","Four Variables with Missing","  MCAR"
1.2052,4.4573,0.7296,0.1494,0.5,"0%"," Minimum Missing Pattern","Four Variables with Missing","  MCAR"
1.5146,4.3807,0.6543,0.1675,0.4,"0%"," Minimum Missing Pattern","Four Variables with Missing","  MCAR"
1.7912,4.3251,0.5859,0.1821,0.3,"0%"," Minimum Missing Pattern","Four Variables with Missing","  MCAR"
1.9814,4.2872,0.5379,0.1915,0.2,"0%"," Minimum Missing Pattern","Four Variables with Missing","  MCAR"
1e-04,5.0852,1,4e-04,1,"20%"," Minimum Missing Pattern","Four Variables with Missing","  MCAR"
0.0915,4.7148,0.9806,0.0412,0.9,"20%"," Minimum Missing Pattern","Four Variables with Missing","  MCAR"
0.2841,4.4734,0.9365,0.0725,0.8,"20%"," Minimum Missing Pattern","Four Variables with Missing","  MCAR"
0.5209,4.3022,0.8789,0.0982,0.7,"20%"," Minimum Missing Pattern","Four Variables with Missing","  MCAR"
0.777,4.1735,0.8138,0.1199,0.6,"20%"," Minimum Missing Pattern","Four Variables with Missing","  MCAR"
1.0385,4.0752,0.7452,0.1387,0.5,"20%"," Minimum Missing Pattern","Four Variables with Missing","  MCAR"
1.284,4.0034,0.6793,0.1542,0.4,"20%"," Minimum Missing Pattern","Four Variables with Missing","  MCAR"
1.4912,3.9503,0.6225,0.1662,0.3,"20%"," Minimum Missing Pattern","Four Variables with Missing","  MCAR"
1.6405,3.9153,0.581,0.1743,0.2,"20%"," Minimum Missing Pattern","Four Variables with Missing","  MCAR"
1e-04,4.3897,1,3e-04,1,"50%"," Minimum Missing Pattern","Four Variables with Missing","  MCAR"
0.0666,4.0755,0.9837,0.0351,0.9,"50%"," Minimum Missing Pattern","Four Variables with Missing","  MCAR"
0.2073,3.865,0.9464,0.062,0.8,"50%"," Minimum Missing Pattern","Four Variables with Missing","  MCAR"
0.3783,3.7106,0.8981,0.0837,0.7,"50%"," Minimum Missing Pattern","Four Variables with Missing","  MCAR"
0.5594,3.5925,0.8443,0.1018,0.6,"50%"," Minimum Missing Pattern","Four Variables with Missing","  MCAR"
0.7394,3.5029,0.7889,0.117,0.5,"50%"," Minimum Missing Pattern","Four Variables with Missing","  MCAR"
0.8968,3.438,0.7391,0.1289,0.4,"50%"," Minimum Missing Pattern","Four Variables with Missing","  MCAR"
1.0278,3.3885,0.6967,0.138,0.3,"50%"," Minimum Missing Pattern","Four Variables with Missing","  MCAR"
1.1246,3.357,0.665,0.1443,0.2,"50%"," Minimum Missing Pattern","Four Variables with Missing","  MCAR"
1e-04,5.5509,1,3e-04,1,"0%","Maximum Missing Pattern","Four Variables with Missing","  MCAR"
0.1071,5.1431,0.9792,0.0445,0.9,"0%","Maximum Missing Pattern","Four Variables with Missing","  MCAR"
0.3304,4.8812,0.9323,0.0782,0.8,"0%","Maximum Missing Pattern","Four Variables with Missing","  MCAR"
0.6033,4.6962,0.8716,0.1057,0.7,"0%","Maximum Missing Pattern","Four Variables with Missing","  MCAR"
0.8991,4.5597,0.8028,0.129,0.6,"0%","Maximum Missing Pattern","Four Variables with Missing","  MCAR"
1.2052,4.4573,0.7296,0.1494,0.5,"0%","Maximum Missing Pattern","Four Variables with Missing","  MCAR"
1.5146,4.3807,0.6543,0.1675,0.4,"0%","Maximum Missing Pattern","Four Variables with Missing","  MCAR"
1.7912,4.3251,0.5859,0.1821,0.3,"0%","Maximum Missing Pattern","Four Variables with Missing","  MCAR"
1.9814,4.2872,0.5379,0.1915,0.2,"0%","Maximum Missing Pattern","Four Variables with Missing","  MCAR"
1e-04,5.0795,1,4e-04,1,"20%","Maximum Missing Pattern","Four Variables with Missing","  MCAR"
0.0925,4.6984,0.9803,0.0414,0.9,"20%","Maximum Missing Pattern","Four Variables with Missing","  MCAR"
0.2875,4.4508,0.9354,0.073,0.8,"20%","Maximum Missing Pattern","Four Variables with Missing","  MCAR"
0.5274,4.2743,0.8766,0.0988,0.7,"20%","Maximum Missing Pattern","Four Variables with Missing","  MCAR"
0.7833,4.1428,0.8109,0.1204,0.6,"20%","Maximum Missing Pattern","Four Variables with Missing","  MCAR"
1.0439,4.0428,0.7418,0.139,0.5,"20%","Maximum Missing Pattern","Four Variables with Missing","  MCAR"
1.2801,3.9694,0.6775,0.154,0.4,"20%","Maximum Missing Pattern","Four Variables with Missing","  MCAR"
1.4727,3.9153,0.6239,0.1651,0.3,"20%","Maximum Missing Pattern","Four Variables with Missing","  MCAR"
1.6108,3.8787,0.5847,0.1727,0.2,"20%","Maximum Missing Pattern","Four Variables with Missing","  MCAR"
0,4.3778,1,0,1,"50%","Maximum Missing Pattern","Four Variables with Missing","  MCAR"
0.0676,4.0474,0.9833,0.0354,0.9,"50%","Maximum Missing Pattern","Four Variables with Missing","  MCAR"
0.2116,3.8267,0.9447,0.0626,0.8,"50%","Maximum Missing Pattern","Four Variables with Missing","  MCAR"
0.3852,3.6634,0.8949,0.0845,0.7,"50%","Maximum Missing Pattern","Four Variables with Missing","  MCAR"
0.5618,3.5412,0.8414,0.102,0.6,"50%","Maximum Missing Pattern","Four Variables with Missing","  MCAR"
0.732,3.4474,0.7877,0.1164,0.5,"50%","Maximum Missing Pattern","Four Variables with Missing","  MCAR"
0.8751,3.3801,0.7411,0.1273,0.4,"50%","Maximum Missing Pattern","Four Variables with Missing","  MCAR"
0.9889,3.3289,0.703,0.1353,0.3,"50%","Maximum Missing Pattern","Four Variables with Missing","  MCAR"
1.0717,3.2949,0.6747,0.1409,0.2,"50%","Maximum Missing Pattern","Four Variables with Missing","  MCAR"
1e-04,5.5509,1,3e-04,1,"0%"," Minimum Missing Pattern","Six Variables with Missing","  MCAR"
0.1071,5.1431,0.9792,0.0445,0.9,"0%"," Minimum Missing Pattern","Six Variables with Missing","  MCAR"
0.3304,4.8812,0.9323,0.0782,0.8,"0%"," Minimum Missing Pattern","Six Variables with Missing","  MCAR"
0.6033,4.6962,0.8716,0.1057,0.7,"0%"," Minimum Missing Pattern","Six Variables with Missing","  MCAR"
0.8991,4.5597,0.8028,0.129,0.6,"0%"," Minimum Missing Pattern","Six Variables with Missing","  MCAR"
1.2052,4.4573,0.7296,0.1494,0.5,"0%"," Minimum Missing Pattern","Six Variables with Missing","  MCAR"
1.5146,4.3807,0.6543,0.1675,0.4,"0%"," Minimum Missing Pattern","Six Variables with Missing","  MCAR"
1.7912,4.3251,0.5859,0.1821,0.3,"0%"," Minimum Missing Pattern","Six Variables with Missing","  MCAR"
1.9814,4.2872,0.5379,0.1915,0.2,"0%"," Minimum Missing Pattern","Six Variables with Missing","  MCAR"
1e-04,4.8649,1,4e-04,1,"20%"," Minimum Missing Pattern","Six Variables with Missing","  MCAR"
0.0871,4.5381,0.9808,0.0401,0.9,"20%"," Minimum Missing Pattern","Six Variables with Missing","  MCAR"
0.2691,4.3294,0.9379,0.0706,0.8,"20%"," Minimum Missing Pattern","Six Variables with Missing","  MCAR"
0.4924,4.1818,0.8823,0.0955,0.7,"20%"," Minimum Missing Pattern","Six Variables with Missing","  MCAR"
0.735,4.0729,0.8195,0.1167,0.6,"20%"," Minimum Missing Pattern","Six Variables with Missing","  MCAR"
0.9854,3.9894,0.753,0.1351,0.5,"20%"," Minimum Missing Pattern","Six Variables with Missing","  MCAR"
1.2288,3.9294,0.6873,0.1508,0.4,"20%"," Minimum Missing Pattern","Six Variables with Missing","  MCAR"
1.4375,3.8856,0.6301,0.1632,0.3,"20%"," Minimum Missing Pattern","Six Variables with Missing","  MCAR"
1.5861,3.8551,0.5886,0.1714,0.2,"20%"," Minimum Missing Pattern","Six Variables with Missing","  MCAR"
1e-04,3.8398,1,3e-04,1,"50%"," Minimum Missing Pattern","Six Variables with Missing","  MCAR"
0.0553,3.6349,0.9848,0.032,0.9,"50%"," Minimum Missing Pattern","Six Variables with Missing","  MCAR"
0.1717,3.505,0.951,0.0564,0.8,"50%"," Minimum Missing Pattern","Six Variables with Missing","  MCAR"
0.3144,3.4111,0.9078,0.0763,0.7,"50%"," Minimum Missing Pattern","Six Variables with Missing","  MCAR"
0.4691,3.3427,0.8597,0.0932,0.6,"50%"," Minimum Missing Pattern","Six Variables with Missing","  MCAR"
0.6274,3.29,0.8093,0.1078,0.5,"50%"," Minimum Missing Pattern","Six Variables with Missing","  MCAR"
0.7737,3.2528,0.7622,0.1197,0.4,"50%"," Minimum Missing Pattern","Six Variables with Missing","  MCAR"
0.8981,3.2249,0.7215,0.129,0.3,"50%"," Minimum Missing Pattern","Six Variables with Missing","  MCAR"
0.9903,3.2072,0.6912,0.1354,0.2,"50%"," Minimum Missing Pattern","Six Variables with Missing","  MCAR"
1e-04,5.5509,1,3e-04,1,"0%","Maximum Missing Pattern","Six Variables with Missing","  MCAR"
0.1071,5.1431,0.9792,0.0445,0.9,"0%","Maximum Missing Pattern","Six Variables with Missing","  MCAR"
0.3304,4.8812,0.9323,0.0782,0.8,"0%","Maximum Missing Pattern","Six Variables with Missing","  MCAR"
0.6033,4.6962,0.8716,0.1057,0.7,"0%","Maximum Missing Pattern","Six Variables with Missing","  MCAR"
0.8991,4.5597,0.8028,0.129,0.6,"0%","Maximum Missing Pattern","Six Variables with Missing","  MCAR"
1.2052,4.4573,0.7296,0.1494,0.5,"0%","Maximum Missing Pattern","Six Variables with Missing","  MCAR"
1.5146,4.3807,0.6543,0.1675,0.4,"0%","Maximum Missing Pattern","Six Variables with Missing","  MCAR"
1.7912,4.3251,0.5859,0.1821,0.3,"0%","Maximum Missing Pattern","Six Variables with Missing","  MCAR"
1.9814,4.2872,0.5379,0.1915,0.2,"0%","Maximum Missing Pattern","Six Variables with Missing","  MCAR"
1e-04,4.8441,1,5e-04,1,"20%","Maximum Missing Pattern","Six Variables with Missing","  MCAR"
0.0845,4.4811,0.9812,0.0395,0.9,"20%","Maximum Missing Pattern","Six Variables with Missing","  MCAR"
0.2637,4.2412,0.9378,0.0699,0.8,"20%","Maximum Missing Pattern","Six Variables with Missing","  MCAR"
0.4835,4.0698,0.8812,0.0946,0.7,"20%","Maximum Missing Pattern","Six Variables with Missing","  MCAR"
0.7148,3.9415,0.8187,0.115,0.6,"20%","Maximum Missing Pattern","Six Variables with Missing","  MCAR"
0.9468,3.8443,0.7537,0.1324,0.5,"20%","Maximum Missing Pattern","Six Variables with Missing","  MCAR"
1.149,3.7721,0.6954,0.1459,0.4,"20%","Maximum Missing Pattern","Six Variables with Missing","  MCAR"
1.3122,3.7179,0.6471,0.1559,0.3,"20%","Maximum Missing Pattern","Six Variables with Missing","  MCAR"
1.4297,3.6815,0.6116,0.1627,0.2,"20%","Maximum Missing Pattern","Six Variables with Missing","  MCAR"
1e-04,3.8023,1,2e-04,1,"50%","Maximum Missing Pattern","Six Variables with Missing","  MCAR"
0.0455,3.5322,0.9871,0.029,0.9,"50%","Maximum Missing Pattern","Six Variables with Missing","  MCAR"
0.1422,3.3428,0.9575,0.0513,0.8,"50%","Maximum Missing Pattern","Six Variables with Missing","  MCAR"
0.2558,3.2003,0.9201,0.0688,0.7,"50%","Maximum Missing Pattern","Six Variables with Missing","  MCAR"
0.3687,3.0943,0.8809,0.0826,0.6,"50%","Maximum Missing Pattern","Six Variables with Missing","  MCAR"
0.475,3.0103,0.8422,0.0938,0.5,"50%","Maximum Missing Pattern","Six Variables with Missing","  MCAR"
0.5605,2.95,0.81,0.1019,0.4,"50%","Maximum Missing Pattern","Six Variables with Missing","  MCAR"
0.6277,2.9028,0.7838,0.1078,0.3,"50%","Maximum Missing Pattern","Six Variables with Missing","  MCAR"
0.6778,2.8723,0.764,0.112,0.2,"50%","Maximum Missing Pattern","Six Variables with Missing","  MCAR"
1e-04,5.5509,1,3e-04,1,"0%"," Minimum Missing Pattern"," Two Variables with Missing"," Weak MAR"
0.1071,5.1431,0.9792,0.0445,0.9,"0%"," Minimum Missing Pattern"," Two Variables with Missing"," Weak MAR"
0.3304,4.8812,0.9323,0.0782,0.8,"0%"," Minimum Missing Pattern"," Two Variables with Missing"," Weak MAR"
0.6033,4.6962,0.8716,0.1057,0.7,"0%"," Minimum Missing Pattern"," Two Variables with Missing"," Weak MAR"
0.8991,4.5597,0.8028,0.129,0.6,"0%"," Minimum Missing Pattern"," Two Variables with Missing"," Weak MAR"
1.2052,4.4573,0.7296,0.1494,0.5,"0%"," Minimum Missing Pattern"," Two Variables with Missing"," Weak MAR"
1.5146,4.3807,0.6543,0.1675,0.4,"0%"," Minimum Missing Pattern"," Two Variables with Missing"," Weak MAR"
1.7912,4.3251,0.5859,0.1821,0.3,"0%"," Minimum Missing Pattern"," Two Variables with Missing"," Weak MAR"
1.9814,4.2872,0.5379,0.1915,0.2,"0%"," Minimum Missing Pattern"," Two Variables with Missing"," Weak MAR"
1e-04,5.0645,1,3e-04,1,"20%"," Minimum Missing Pattern"," Two Variables with Missing"," Weak MAR"
0.0941,4.6974,0.98,0.0417,0.9,"20%"," Minimum Missing Pattern"," Two Variables with Missing"," Weak MAR"
0.2919,4.4628,0.9346,0.0735,0.8,"20%"," Minimum Missing Pattern"," Two Variables with Missing"," Weak MAR"
0.5332,4.2951,0.8759,0.0994,0.7,"20%"," Minimum Missing Pattern"," Two Variables with Missing"," Weak MAR"
0.792,4.1708,0.8101,0.1211,0.6,"20%"," Minimum Missing Pattern"," Two Variables with Missing"," Weak MAR"
1.0593,4.0816,0.7405,0.1401,0.5,"20%"," Minimum Missing Pattern"," Two Variables with Missing"," Weak MAR"
1.306,4.012,0.6745,0.1555,0.4,"20%"," Minimum Missing Pattern"," Two Variables with Missing"," Weak MAR"
1.5104,3.9647,0.619,0.1672,0.3,"20%"," Minimum Missing Pattern"," Two Variables with Missing"," Weak MAR"
1.6558,3.9286,0.5785,0.1751,0.2,"20%"," Minimum Missing Pattern"," Two Variables with Missing"," Weak MAR"
1e-04,4.9223,1,2e-04,1,"50%"," Minimum Missing Pattern"," Two Variables with Missing"," Weak MAR"
0.0885,4.5611,0.9806,0.0405,0.9,"50%"," Minimum Missing Pattern"," Two Variables with Missing"," Weak MAR"
0.2746,4.3231,0.9365,0.0713,0.8,"50%"," Minimum Missing Pattern"," Two Variables with Missing"," Weak MAR"
0.5016,4.1539,0.8793,0.0964,0.7,"50%"," Minimum Missing Pattern"," Two Variables with Missing"," Weak MAR"
0.746,4.0285,0.8148,0.1175,0.6,"50%"," Minimum Missing Pattern"," Two Variables with Missing"," Weak MAR"
0.9901,3.9343,0.7483,0.1354,0.5,"50%"," Minimum Missing Pattern"," Two Variables with Missing"," Weak MAR"
1.2089,3.8631,0.6871,0.1496,0.4,"50%"," Minimum Missing Pattern"," Two Variables with Missing"," Weak MAR"
1.3896,3.8139,0.6356,0.1604,0.3,"50%"," Minimum Missing Pattern"," Two Variables with Missing"," Weak MAR"
1.519,3.7786,0.598,0.1677,0.2,"50%"," Minimum Missing Pattern"," Two Variables with Missing"," Weak MAR"
1e-04,5.5509,1,3e-04,1,"0%"," Minimum Missing Pattern"," Two Variables with Missing","Strong MAR"
0.1071,5.1431,0.9792,0.0445,0.9,"0%"," Minimum Missing Pattern"," Two Variables with Missing","Strong MAR"
0.3304,4.8812,0.9323,0.0782,0.8,"0%"," Minimum Missing Pattern"," Two Variables with Missing","Strong MAR"
0.6033,4.6962,0.8716,0.1057,0.7,"0%"," Minimum Missing Pattern"," Two Variables with Missing","Strong MAR"
0.8991,4.5597,0.8028,0.129,0.6,"0%"," Minimum Missing Pattern"," Two Variables with Missing","Strong MAR"
1.2052,4.4573,0.7296,0.1494,0.5,"0%"," Minimum Missing Pattern"," Two Variables with Missing","Strong MAR"
1.5146,4.3807,0.6543,0.1675,0.4,"0%"," Minimum Missing Pattern"," Two Variables with Missing","Strong MAR"
1.7912,4.3251,0.5859,0.1821,0.3,"0%"," Minimum Missing Pattern"," Two Variables with Missing","Strong MAR"
1.9814,4.2872,0.5379,0.1915,0.2,"0%"," Minimum Missing Pattern"," Two Variables with Missing","Strong MAR"
1e-04,5.1464,1,0,1,"20%"," Minimum Missing Pattern"," Two Variables with Missing","Strong MAR"
0.0991,4.7856,0.9793,0.0428,0.9,"20%"," Minimum Missing Pattern"," Two Variables with Missing","Strong MAR"
0.3059,4.5618,0.9329,0.0753,0.8,"20%"," Minimum Missing Pattern"," Two Variables with Missing","Strong MAR"
0.5585,4.407,0.8733,0.1017,0.7,"20%"," Minimum Missing Pattern"," Two Variables with Missing","Strong MAR"
0.8306,4.2925,0.8065,0.124,0.6,"20%"," Minimum Missing Pattern"," Two Variables with Missing","Strong MAR"
1.1122,4.2102,0.7358,0.1435,0.5,"20%"," Minimum Missing Pattern"," Two Variables with Missing","Strong MAR"
1.3883,4.1523,0.6657,0.1603,0.4,"20%"," Minimum Missing Pattern"," Two Variables with Missing","Strong MAR"
1.6233,4.1072,0.6048,0.1734,0.3,"20%"," Minimum Missing Pattern"," Two Variables with Missing","Strong MAR"
1.7921,4.0768,0.5604,0.1822,0.2,"20%"," Minimum Missing Pattern"," Two Variables with Missing","Strong MAR"
1e-04,4.7946,1,2e-04,1,"50%"," Minimum Missing Pattern"," Two Variables with Missing","Strong MAR"
0.0875,4.4591,0.9804,0.0402,0.9,"50%"," Minimum Missing Pattern"," Two Variables with Missing","Strong MAR"
0.2713,4.2462,0.9361,0.0709,0.8,"50%"," Minimum Missing Pattern"," Two Variables with Missing","Strong MAR"
0.4947,4.0953,0.8792,0.0957,0.7,"50%"," Minimum Missing Pattern"," Two Variables with Missing","Strong MAR"
0.7344,3.9843,0.8157,0.1166,0.6,"50%"," Minimum Missing Pattern"," Two Variables with Missing","Strong MAR"
0.9762,3.9048,0.75,0.1345,0.5,"50%"," Minimum Missing Pattern"," Two Variables with Missing","Strong MAR"
1.1973,3.8454,0.6886,0.1489,0.4,"50%"," Minimum Missing Pattern"," Two Variables with Missing","Strong MAR"
1.3816,3.803,0.6367,0.16,0.3,"50%"," Minimum Missing Pattern"," Two Variables with Missing","Strong MAR"
1.5141,3.7727,0.5987,0.1674,0.2,"50%"," Minimum Missing Pattern"," Two Variables with Missing","Strong MAR"
1e-04,5.5509,1,3e-04,1,"0%"," Minimum Missing Pattern","Four Variables with Missing"," Weak MAR"
0.1071,5.1431,0.9792,0.0445,0.9,"0%"," Minimum Missing Pattern","Four Variables with Missing"," Weak MAR"
0.3304,4.8812,0.9323,0.0782,0.8,"0%"," Minimum Missing Pattern","Four Variables with Missing"," Weak MAR"
0.6033,4.6962,0.8716,0.1057,0.7,"0%"," Minimum Missing Pattern","Four Variables with Missing"," Weak MAR"
0.8991,4.5597,0.8028,0.129,0.6,"0%"," Minimum Missing Pattern","Four Variables with Missing"," Weak MAR"
1.2052,4.4573,0.7296,0.1494,0.5,"0%"," Minimum Missing Pattern","Four Variables with Missing"," Weak MAR"
1.5146,4.3807,0.6543,0.1675,0.4,"0%"," Minimum Missing Pattern","Four Variables with Missing"," Weak MAR"
1.7912,4.3251,0.5859,0.1821,0.3,"0%"," Minimum Missing Pattern","Four Variables with Missing"," Weak MAR"
1.9814,4.2872,0.5379,0.1915,0.2,"0%"," Minimum Missing Pattern","Four Variables with Missing"," Weak MAR"
1e-04,4.5891,1,3e-04,1,"20%"," Minimum Missing Pattern","Four Variables with Missing"," Weak MAR"
0.0791,4.2775,0.9815,0.0383,0.9,"20%"," Minimum Missing Pattern","Four Variables with Missing"," Weak MAR"
0.2446,4.0786,0.94,0.0673,0.8,"20%"," Minimum Missing Pattern","Four Variables with Missing"," Weak MAR"
0.4468,3.9377,0.8865,0.091,0.7,"20%"," Minimum Missing Pattern","Four Variables with Missing"," Weak MAR"
0.6616,3.8326,0.8274,0.1107,0.6,"20%"," Minimum Missing Pattern","Four Variables with Missing"," Weak MAR"
0.8819,3.7581,0.7653,0.1278,0.5,"20%"," Minimum Missing Pattern","Four Variables with Missing"," Weak MAR"
1.0854,3.7,0.7067,0.1418,0.4,"20%"," Minimum Missing Pattern","Four Variables with Missing"," Weak MAR"
1.2543,3.6598,0.6573,0.1524,0.3,"20%"," Minimum Missing Pattern","Four Variables with Missing"," Weak MAR"
1.379,3.6314,0.6203,0.1598,0.2,"20%"," Minimum Missing Pattern","Four Variables with Missing"," Weak MAR"
1e-04,4.3111,1,2e-04,1,"50%"," Minimum Missing Pattern","Four Variables with Missing"," Weak MAR"
0.0664,4.0157,0.9835,0.0351,0.9,"50%"," Minimum Missing Pattern","Four Variables with Missing"," Weak MAR"
0.2057,3.8167,0.9461,0.0617,0.8,"50%"," Minimum Missing Pattern","Four Variables with Missing"," Weak MAR"
0.3757,3.6758,0.8978,0.0834,0.7,"50%"," Minimum Missing Pattern","Four Variables with Missing"," Weak MAR"
0.5561,3.5681,0.8441,0.1015,0.6,"50%"," Minimum Missing Pattern","Four Variables with Missing"," Weak MAR"
0.7335,3.485,0.7895,0.1165,0.5,"50%"," Minimum Missing Pattern","Four Variables with Missing"," Weak MAR"
0.8942,3.4282,0.7392,0.1287,0.4,"50%"," Minimum Missing Pattern","Four Variables with Missing"," Weak MAR"
1.0257,3.3838,0.6969,0.1378,0.3,"50%"," Minimum Missing Pattern","Four Variables with Missing"," Weak MAR"
1.1268,3.3577,0.6644,0.1444,0.2,"50%"," Minimum Missing Pattern","Four Variables with Missing"," Weak MAR"
1e-04,5.5509,1,3e-04,1,"0%"," Minimum Missing Pattern","Four Variables with Missing","Strong MAR"
0.1071,5.1431,0.9792,0.0445,0.9,"0%"," Minimum Missing Pattern","Four Variables with Missing","Strong MAR"
0.3304,4.8812,0.9323,0.0782,0.8,"0%"," Minimum Missing Pattern","Four Variables with Missing","Strong MAR"
0.6033,4.6962,0.8716,0.1057,0.7,"0%"," Minimum Missing Pattern","Four Variables with Missing","Strong MAR"
0.8991,4.5597,0.8028,0.129,0.6,"0%"," Minimum Missing Pattern","Four Variables with Missing","Strong MAR"
1.2052,4.4573,0.7296,0.1494,0.5,"0%"," Minimum Missing Pattern","Four Variables with Missing","Strong MAR"
1.5146,4.3807,0.6543,0.1675,0.4,"0%"," Minimum Missing Pattern","Four Variables with Missing","Strong MAR"
1.7912,4.3251,0.5859,0.1821,0.3,"0%"," Minimum Missing Pattern","Four Variables with Missing","Strong MAR"
1.9814,4.2872,0.5379,0.1915,0.2,"0%"," Minimum Missing Pattern","Four Variables with Missing","Strong MAR"
1e-04,4.7488,1,0,1,"20%"," Minimum Missing Pattern","Four Variables with Missing","Strong MAR"
0.0901,4.4437,0.9797,0.0408,0.9,"20%"," Minimum Missing Pattern","Four Variables with Missing","Strong MAR"
0.2759,4.2628,0.9353,0.0715,0.8,"20%"," Minimum Missing Pattern","Four Variables with Missing","Strong MAR"
0.5025,4.1416,0.8787,0.0965,0.7,"20%"," Minimum Missing Pattern","Four Variables with Missing","Strong MAR"
0.7456,4.0554,0.8162,0.1175,0.6,"20%"," Minimum Missing Pattern","Four Variables with Missing","Strong MAR"
0.9958,3.994,0.7507,0.1358,0.5,"20%"," Minimum Missing Pattern","Four Variables with Missing","Strong MAR"
1.2469,3.9558,0.6848,0.152,0.4,"20%"," Minimum Missing Pattern","Four Variables with Missing","Strong MAR"
1.4665,3.922,0.6261,0.1648,0.3,"20%"," Minimum Missing Pattern","Four Variables with Missing","Strong MAR"
1.6296,3.9019,0.5824,0.1737,0.2,"20%"," Minimum Missing Pattern","Four Variables with Missing","Strong MAR"
1e-04,4.0563,1,2e-04,1,"50%"," Minimum Missing Pattern","Four Variables with Missing","Strong MAR"
0.0642,3.8126,0.9832,0.0345,0.9,"50%"," Minimum Missing Pattern","Four Variables with Missing","Strong MAR"
0.198,3.6625,0.9459,0.0605,0.8,"50%"," Minimum Missing Pattern","Four Variables with Missing","Strong MAR"
0.3588,3.5564,0.8991,0.0815,0.7,"50%"," Minimum Missing Pattern","Four Variables with Missing","Strong MAR"
0.5293,3.4815,0.848,0.099,0.6,"50%"," Minimum Missing Pattern","Four Variables with Missing","Strong MAR"
0.7019,3.4274,0.7952,0.114,0.5,"50%"," Minimum Missing Pattern","Four Variables with Missing","Strong MAR"
0.8638,3.3903,0.7452,0.1265,0.4,"50%"," Minimum Missing Pattern","Four Variables with Missing","Strong MAR"
1.0059,3.362,0.7008,0.1365,0.3,"50%"," Minimum Missing Pattern","Four Variables with Missing","Strong MAR"
1.1143,3.3455,0.6669,0.1436,0.2,"50%"," Minimum Missing Pattern","Four Variables with Missing","Strong MAR"
1e-04,5.5509,1,3e-04,1,"0%"," Minimum Missing Pattern","Six Variables with Missing"," Weak MAR"
0.1071,5.1431,0.9792,0.0445,0.9,"0%"," Minimum Missing Pattern","Six Variables with Missing"," Weak MAR"
0.3304,4.8812,0.9323,0.0782,0.8,"0%"," Minimum Missing Pattern","Six Variables with Missing"," Weak MAR"
0.6033,4.6962,0.8716,0.1057,0.7,"0%"," Minimum Missing Pattern","Six Variables with Missing"," Weak MAR"
0.8991,4.5597,0.8028,0.129,0.6,"0%"," Minimum Missing Pattern","Six Variables with Missing"," Weak MAR"
1.2052,4.4573,0.7296,0.1494,0.5,"0%"," Minimum Missing Pattern","Six Variables with Missing"," Weak MAR"
1.5146,4.3807,0.6543,0.1675,0.4,"0%"," Minimum Missing Pattern","Six Variables with Missing"," Weak MAR"
1.7912,4.3251,0.5859,0.1821,0.3,"0%"," Minimum Missing Pattern","Six Variables with Missing"," Weak MAR"
1.9814,4.2872,0.5379,0.1915,0.2,"0%"," Minimum Missing Pattern","Six Variables with Missing"," Weak MAR"
1e-04,4.1317,1,4e-04,1,"20%"," Minimum Missing Pattern","Six Variables with Missing"," Weak MAR"
0.07,3.9112,0.9821,0.036,0.9,"20%"," Minimum Missing Pattern","Six Variables with Missing"," Weak MAR"
0.2157,3.7813,0.943,0.0632,0.8,"20%"," Minimum Missing Pattern","Six Variables with Missing"," Weak MAR"
0.393,3.6926,0.8936,0.0853,0.7,"20%"," Minimum Missing Pattern","Six Variables with Missing"," Weak MAR"
0.5826,3.6327,0.8396,0.1039,0.6,"20%"," Minimum Missing Pattern","Six Variables with Missing"," Weak MAR"
0.7817,3.5926,0.7824,0.1203,0.5,"20%"," Minimum Missing Pattern","Six Variables with Missing"," Weak MAR"
0.9783,3.5591,0.7251,0.1346,0.4,"20%"," Minimum Missing Pattern","Six Variables with Missing"," Weak MAR"
1.151,3.5388,0.6748,0.146,0.3,"20%"," Minimum Missing Pattern","Six Variables with Missing"," Weak MAR"
1.2807,3.5245,0.6366,0.154,0.2,"20%"," Minimum Missing Pattern","Six Variables with Missing"," Weak MAR"
1e-04,3.7225,1,4e-04,1,"50%"," Minimum Missing Pattern","Six Variables with Missing"," Weak MAR"
0.0546,3.5441,0.9846,0.0318,0.9,"50%"," Minimum Missing Pattern","Six Variables with Missing"," Weak MAR"
0.1684,3.4327,0.951,0.0558,0.8,"50%"," Minimum Missing Pattern","Six Variables with Missing"," Weak MAR"
0.3078,3.3601,0.9084,0.0755,0.7,"50%"," Minimum Missing Pattern","Six Variables with Missing"," Weak MAR"
0.461,3.3035,0.8605,0.0924,0.6,"50%"," Minimum Missing Pattern","Six Variables with Missing"," Weak MAR"
0.615,3.2624,0.8115,0.1067,0.5,"50%"," Minimum Missing Pattern","Six Variables with Missing"," Weak MAR"
0.764,3.2378,0.7641,0.1189,0.4,"50%"," Minimum Missing Pattern","Six Variables with Missing"," Weak MAR"
0.892,3.2169,0.7227,0.1285,0.3,"50%"," Minimum Missing Pattern","Six Variables with Missing"," Weak MAR"
0.9917,3.2074,0.6908,0.1355,0.2,"50%"," Minimum Missing Pattern","Six Variables with Missing"," Weak MAR"
1e-04,5.5509,1,3e-04,1,"0%"," Minimum Missing Pattern","Six Variables with Missing","Strong MAR"
0.1071,5.1431,0.9792,0.0445,0.9,"0%"," Minimum Missing Pattern","Six Variables with Missing","Strong MAR"
0.3304,4.8812,0.9323,0.0782,0.8,"0%"," Minimum Missing Pattern","Six Variables with Missing","Strong MAR"
0.6033,4.6962,0.8716,0.1057,0.7,"0%"," Minimum Missing Pattern","Six Variables with Missing","Strong MAR"
0.8991,4.5597,0.8028,0.129,0.6,"0%"," Minimum Missing Pattern","Six Variables with Missing","Strong MAR"
1.2052,4.4573,0.7296,0.1494,0.5,"0%"," Minimum Missing Pattern","Six Variables with Missing","Strong MAR"
1.5146,4.3807,0.6543,0.1675,0.4,"0%"," Minimum Missing Pattern","Six Variables with Missing","Strong MAR"
1.7912,4.3251,0.5859,0.1821,0.3,"0%"," Minimum Missing Pattern","Six Variables with Missing","Strong MAR"
1.9814,4.2872,0.5379,0.1915,0.2,"0%"," Minimum Missing Pattern","Six Variables with Missing","Strong MAR"
1e-04,4.3601,1,1e-04,1,"20%"," Minimum Missing Pattern","Six Variables with Missing","Strong MAR"
0.0831,4.132,0.9799,0.0392,0.9,"20%"," Minimum Missing Pattern","Six Variables with Missing","Strong MAR"
0.2525,4.0119,0.9371,0.0684,0.8,"20%"," Minimum Missing Pattern","Six Variables with Missing","Strong MAR"
0.4566,3.9405,0.8841,0.092,0.7,"20%"," Minimum Missing Pattern","Six Variables with Missing","Strong MAR"
0.6738,3.8963,0.8271,0.1117,0.6,"20%"," Minimum Missing Pattern","Six Variables with Missing","Strong MAR"
0.8945,3.8686,0.7688,0.1287,0.5,"20%"," Minimum Missing Pattern","Six Variables with Missing","Strong MAR"
1.1207,3.856,0.7094,0.1441,0.4,"20%"," Minimum Missing Pattern","Six Variables with Missing","Strong MAR"
1.3315,3.8416,0.6534,0.157,0.3,"20%"," Minimum Missing Pattern","Six Variables with Missing","Strong MAR"
1.5317,3.8362,0.6007,0.1684,0.2,"20%"," Minimum Missing Pattern","Six Variables with Missing","Strong MAR"
1e-04,3.3398,1,3e-04,1,"50%"," Minimum Missing Pattern","Six Variables with Missing","Strong MAR"
0.0506,3.2401,0.9844,0.0306,0.9,"50%"," Minimum Missing Pattern","Six Variables with Missing","Strong MAR"
0.153,3.2002,0.9522,0.0532,0.8,"50%"," Minimum Missing Pattern","Six Variables with Missing","Strong MAR"
0.275,3.1803,0.9136,0.0714,0.7,"50%"," Minimum Missing Pattern","Six Variables with Missing","Strong MAR"
0.4043,3.1754,0.8727,0.0865,0.6,"50%"," Minimum Missing Pattern","Six Variables with Missing","Strong MAR"
0.536,3.1766,0.8313,0.0996,0.5,"50%"," Minimum Missing Pattern","Six Variables with Missing","Strong MAR"
0.6667,3.1813,0.7904,0.1111,0.4,"50%"," Minimum Missing Pattern","Six Variables with Missing","Strong MAR"
0.7958,3.1843,0.7501,0.1214,0.3,"50%"," Minimum Missing Pattern","Six Variables with Missing","Strong MAR"
0.9199,3.1908,0.7117,0.1305,0.2,"50%"," Minimum Missing Pattern","Six Variables with Missing","Strong MAR"
1e-04,5.5509,1,3e-04,1,"0%","Maximum Missing Pattern"," Two Variables with Missing"," Weak MAR"
0.1071,5.1431,0.9792,0.0445,0.9,"0%","Maximum Missing Pattern"," Two Variables with Missing"," Weak MAR"
0.3304,4.8812,0.9323,0.0782,0.8,"0%","Maximum Missing Pattern"," Two Variables with Missing"," Weak MAR"
0.6033,4.6962,0.8716,0.1057,0.7,"0%","Maximum Missing Pattern"," Two Variables with Missing"," Weak MAR"
0.8991,4.5597,0.8028,0.129,0.6,"0%","Maximum Missing Pattern"," Two Variables with Missing"," Weak MAR"
1.2052,4.4573,0.7296,0.1494,0.5,"0%","Maximum Missing Pattern"," Two Variables with Missing"," Weak MAR"
1.5146,4.3807,0.6543,0.1675,0.4,"0%","Maximum Missing Pattern"," Two Variables with Missing"," Weak MAR"
1.7912,4.3251,0.5859,0.1821,0.3,"0%","Maximum Missing Pattern"," Two Variables with Missing"," Weak MAR"
1.9814,4.2872,0.5379,0.1915,0.2,"0%","Maximum Missing Pattern"," Two Variables with Missing"," Weak MAR"
1e-04,5.0619,1,4e-04,1,"20%","Maximum Missing Pattern"," Two Variables with Missing"," Weak MAR"
0.0942,4.692,0.9799,0.0417,0.9,"20%","Maximum Missing Pattern"," Two Variables with Missing"," Weak MAR"
0.2926,4.4575,0.9344,0.0736,0.8,"20%","Maximum Missing Pattern"," Two Variables with Missing"," Weak MAR"
0.5356,4.2896,0.8752,0.0996,0.7,"20%","Maximum Missing Pattern"," Two Variables with Missing"," Weak MAR"
0.7945,4.1636,0.8092,0.1213,0.6,"20%","Maximum Missing Pattern"," Two Variables with Missing"," Weak MAR"
1.0627,4.075,0.7392,0.1403,0.5,"20%","Maximum Missing Pattern"," Two Variables with Missing"," Weak MAR"
1.3071,4.0064,0.6737,0.1556,0.4,"20%","Maximum Missing Pattern"," Two Variables with Missing"," Weak MAR"
1.509,3.9584,0.6188,0.1672,0.3,"20%","Maximum Missing Pattern"," Two Variables with Missing"," Weak MAR"
1.652,3.9221,0.5788,0.1749,0.2,"20%","Maximum Missing Pattern"," Two Variables with Missing"," Weak MAR"
1e-04,4.9204,1,0,1,"50%","Maximum Missing Pattern"," Two Variables with Missing"," Weak MAR"
0.0887,4.5569,0.9806,0.0405,0.9,"50%","Maximum Missing Pattern"," Two Variables with Missing"," Weak MAR"
0.2759,4.3181,0.9361,0.0715,0.8,"50%","Maximum Missing Pattern"," Two Variables with Missing"," Weak MAR"
0.504,4.1498,0.8786,0.0966,0.7,"50%","Maximum Missing Pattern"," Two Variables with Missing"," Weak MAR"
0.7495,4.024,0.8137,0.1178,0.6,"50%","Maximum Missing Pattern"," Two Variables with Missing"," Weak MAR"
0.9927,3.9285,0.7473,0.1356,0.5,"50%","Maximum Missing Pattern"," Two Variables with Missing"," Weak MAR"
1.2112,3.8584,0.6861,0.1498,0.4,"50%","Maximum Missing Pattern"," Two Variables with Missing"," Weak MAR"
1.3881,3.8083,0.6355,0.1603,0.3,"50%","Maximum Missing Pattern"," Two Variables with Missing"," Weak MAR"
1.5139,3.7717,0.5986,0.1674,0.2,"50%","Maximum Missing Pattern"," Two Variables with Missing"," Weak MAR"
1e-04,5.5509,1,3e-04,1,"0%","Maximum Missing Pattern"," Two Variables with Missing","Strong MAR"
0.1071,5.1431,0.9792,0.0445,0.9,"0%","Maximum Missing Pattern"," Two Variables with Missing","Strong MAR"
0.3304,4.8812,0.9323,0.0782,0.8,"0%","Maximum Missing Pattern"," Two Variables with Missing","Strong MAR"
0.6033,4.6962,0.8716,0.1057,0.7,"0%","Maximum Missing Pattern"," Two Variables with Missing","Strong MAR"
0.8991,4.5597,0.8028,0.129,0.6,"0%","Maximum Missing Pattern"," Two Variables with Missing","Strong MAR"
1.2052,4.4573,0.7296,0.1494,0.5,"0%","Maximum Missing Pattern"," Two Variables with Missing","Strong MAR"
1.5146,4.3807,0.6543,0.1675,0.4,"0%","Maximum Missing Pattern"," Two Variables with Missing","Strong MAR"
1.7912,4.3251,0.5859,0.1821,0.3,"0%","Maximum Missing Pattern"," Two Variables with Missing","Strong MAR"
1.9814,4.2872,0.5379,0.1915,0.2,"0%","Maximum Missing Pattern"," Two Variables with Missing","Strong MAR"
1e-04,5.1454,1,0,1,"20%","Maximum Missing Pattern"," Two Variables with Missing","Strong MAR"
0.0991,4.7835,0.9793,0.0428,0.9,"20%","Maximum Missing Pattern"," Two Variables with Missing","Strong MAR"
0.3066,4.5598,0.9328,0.0753,0.8,"20%","Maximum Missing Pattern"," Two Variables with Missing","Strong MAR"
0.5602,4.404,0.8728,0.1018,0.7,"20%","Maximum Missing Pattern"," Two Variables with Missing","Strong MAR"
0.8333,4.2907,0.8058,0.1242,0.6,"20%","Maximum Missing Pattern"," Two Variables with Missing","Strong MAR"
1.1149,4.2079,0.735,0.1437,0.5,"20%","Maximum Missing Pattern"," Two Variables with Missing","Strong MAR"
1.3904,4.1491,0.6649,0.1605,0.4,"20%","Maximum Missing Pattern"," Two Variables with Missing","Strong MAR"
1.6232,4.1046,0.6045,0.1734,0.3,"20%","Maximum Missing Pattern"," Two Variables with Missing","Strong MAR"
1.79,4.0735,0.5606,0.1821,0.2,"20%","Maximum Missing Pattern"," Two Variables with Missing","Strong MAR"
1e-04,4.7947,1,1e-04,1,"50%","Maximum Missing Pattern"," Two Variables with Missing","Strong MAR"
0.0876,4.4559,0.9803,0.0403,0.9,"50%","Maximum Missing Pattern"," Two Variables with Missing","Strong MAR"
0.2723,4.2431,0.9358,0.071,0.8,"50%","Maximum Missing Pattern"," Two Variables with Missing","Strong MAR"
0.4971,4.0916,0.8785,0.0959,0.7,"50%","Maximum Missing Pattern"," Two Variables with Missing","Strong MAR"
0.7383,3.9813,0.8146,0.1169,0.6,"50%","Maximum Missing Pattern"," Two Variables with Missing","Strong MAR"
0.9808,3.9005,0.7485,0.1348,0.5,"50%","Maximum Missing Pattern"," Two Variables with Missing","Strong MAR"
1.2005,3.8417,0.6875,0.1491,0.4,"50%","Maximum Missing Pattern"," Two Variables with Missing","Strong MAR"
1.3825,3.7996,0.6362,0.16,0.3,"50%","Maximum Missing Pattern"," Two Variables with Missing","Strong MAR"
1.5117,3.7681,0.5988,0.1673,0.2,"50%","Maximum Missing Pattern"," Two Variables with Missing","Strong MAR"
1e-04,5.5509,1,3e-04,1,"0%","Maximum Missing Pattern","Four Variables with Missing"," Weak MAR"
0.1071,5.1431,0.9792,0.0445,0.9,"0%","Maximum Missing Pattern","Four Variables with Missing"," Weak MAR"
0.3304,4.8812,0.9323,0.0782,0.8,"0%","Maximum Missing Pattern","Four Variables with Missing"," Weak MAR"
0.6033,4.6962,0.8716,0.1057,0.7,"0%","Maximum Missing Pattern","Four Variables with Missing"," Weak MAR"
0.8991,4.5597,0.8028,0.129,0.6,"0%","Maximum Missing Pattern","Four Variables with Missing"," Weak MAR"
1.2052,4.4573,0.7296,0.1494,0.5,"0%","Maximum Missing Pattern","Four Variables with Missing"," Weak MAR"
1.5146,4.3807,0.6543,0.1675,0.4,"0%","Maximum Missing Pattern","Four Variables with Missing"," Weak MAR"
1.7912,4.3251,0.5859,0.1821,0.3,"0%","Maximum Missing Pattern","Four Variables with Missing"," Weak MAR"
1.9814,4.2872,0.5379,0.1915,0.2,"0%","Maximum Missing Pattern","Four Variables with Missing"," Weak MAR"
1e-04,4.5781,1,3e-04,1,"20%","Maximum Missing Pattern","Four Variables with Missing"," Weak MAR"
0.0803,4.2514,0.9811,0.0385,0.9,"20%","Maximum Missing Pattern","Four Variables with Missing"," Weak MAR"
0.2488,4.0416,0.9385,0.0679,0.8,"20%","Maximum Missing Pattern","Four Variables with Missing"," Weak MAR"
0.4555,3.8963,0.8831,0.0918,0.7,"20%","Maximum Missing Pattern","Four Variables with Missing"," Weak MAR"
0.6712,3.7862,0.8227,0.1115,0.6,"20%","Maximum Missing Pattern","Four Variables with Missing"," Weak MAR"
0.8866,3.7058,0.7608,0.1281,0.5,"20%","Maximum Missing Pattern","Four Variables with Missing"," Weak MAR"
1.0755,3.6503,0.7054,0.1411,0.4,"20%","Maximum Missing Pattern","Four Variables with Missing"," Weak MAR"
1.2289,3.6078,0.6594,0.1509,0.3,"20%","Maximum Missing Pattern","Four Variables with Missing"," Weak MAR"
1.336,3.5762,0.6264,0.1573,0.2,"20%","Maximum Missing Pattern","Four Variables with Missing"," Weak MAR"
0,4.2998,1,0,1,"50%","Maximum Missing Pattern","Four Variables with Missing"," Weak MAR"
0.0678,3.9871,0.983,0.0354,0.9,"50%","Maximum Missing Pattern","Four Variables with Missing"," Weak MAR"
0.2108,3.7785,0.9442,0.0625,0.8,"50%","Maximum Missing Pattern","Four Variables with Missing"," Weak MAR"
0.3831,3.6311,0.8945,0.0842,0.7,"50%","Maximum Missing Pattern","Four Variables with Missing"," Weak MAR"
0.5616,3.5194,0.8405,0.102,0.6,"50%","Maximum Missing Pattern","Four Variables with Missing"," Weak MAR"
0.7311,3.4321,0.787,0.1163,0.5,"50%","Maximum Missing Pattern","Four Variables with Missing"," Weak MAR"
0.8771,3.3735,0.74,0.1274,0.4,"50%","Maximum Missing Pattern","Four Variables with Missing"," Weak MAR"
0.9917,3.3275,0.702,0.1355,0.3,"50%","Maximum Missing Pattern","Four Variables with Missing"," Weak MAR"
1.0749,3.2956,0.6738,0.1411,0.2,"50%","Maximum Missing Pattern","Four Variables with Missing"," Weak MAR"
1e-04,5.5509,1,3e-04,1,"0%","Maximum Missing Pattern","Four Variables with Missing","Strong MAR"
0.1071,5.1431,0.9792,0.0445,0.9,"0%","Maximum Missing Pattern","Four Variables with Missing","Strong MAR"
0.3304,4.8812,0.9323,0.0782,0.8,"0%","Maximum Missing Pattern","Four Variables with Missing","Strong MAR"
0.6033,4.6962,0.8716,0.1057,0.7,"0%","Maximum Missing Pattern","Four Variables with Missing","Strong MAR"
0.8991,4.5597,0.8028,0.129,0.6,"0%","Maximum Missing Pattern","Four Variables with Missing","Strong MAR"
1.2052,4.4573,0.7296,0.1494,0.5,"0%","Maximum Missing Pattern","Four Variables with Missing","Strong MAR"
1.5146,4.3807,0.6543,0.1675,0.4,"0%","Maximum Missing Pattern","Four Variables with Missing","Strong MAR"
1.7912,4.3251,0.5859,0.1821,0.3,"0%","Maximum Missing Pattern","Four Variables with Missing","Strong MAR"
1.9814,4.2872,0.5379,0.1915,0.2,"0%","Maximum Missing Pattern","Four Variables with Missing","Strong MAR"
0,4.743,1,0,1,"20%","Maximum Missing Pattern","Four Variables with Missing","Strong MAR"
0.0907,4.4308,0.9796,0.041,0.9,"20%","Maximum Missing Pattern","Four Variables with Missing","Strong MAR"
0.28,4.2446,0.934,0.072,0.8,"20%","Maximum Missing Pattern","Four Variables with Missing","Strong MAR"
0.5111,4.1207,0.876,0.0973,0.7,"20%","Maximum Missing Pattern","Four Variables with Missing","Strong MAR"
0.7596,4.0334,0.8117,0.1186,0.6,"20%","Maximum Missing Pattern","Four Variables with Missing","Strong MAR"
1.0116,3.9686,0.7451,0.1369,0.5,"20%","Maximum Missing Pattern","Four Variables with Missing","Strong MAR"
1.2544,3.9274,0.6806,0.1524,0.4,"20%","Maximum Missing Pattern","Four Variables with Missing","Strong MAR"
1.4608,3.8952,0.625,0.1645,0.3,"20%","Maximum Missing Pattern","Four Variables with Missing","Strong MAR"
1.6098,3.8739,0.5845,0.1727,0.2,"20%","Maximum Missing Pattern","Four Variables with Missing","Strong MAR"
1e-04,4.0492,1,2e-04,1,"50%","Maximum Missing Pattern","Four Variables with Missing","Strong MAR"
0.0656,3.7914,0.9827,0.0348,0.9,"50%","Maximum Missing Pattern","Four Variables with Missing","Strong MAR"
0.2034,3.6329,0.944,0.0614,0.8,"50%","Maximum Missing Pattern","Four Variables with Missing","Strong MAR"
0.3704,3.5243,0.8949,0.0828,0.7,"50%","Maximum Missing Pattern","Four Variables with Missing","Strong MAR"
0.5461,3.4468,0.8416,0.1006,0.6,"50%","Maximum Missing Pattern","Four Variables with Missing","Strong MAR"
0.7158,3.3857,0.7886,0.1151,0.5,"50%","Maximum Missing Pattern","Four Variables with Missing","Strong MAR"
0.8693,3.3515,0.7406,0.1269,0.4,"50%","Maximum Missing Pattern","Four Variables with Missing","Strong MAR"
0.9937,3.3212,0.7008,0.1356,0.3,"50%","Maximum Missing Pattern","Four Variables with Missing","Strong MAR"
1.084,3.3016,0.6717,0.1417,0.2,"50%","Maximum Missing Pattern","Four Variables with Missing","Strong MAR"
1e-04,5.5509,1,3e-04,1,"0%","Maximum Missing Pattern","Six Variables with Missing"," Weak MAR"
0.1071,5.1431,0.9792,0.0445,0.9,"0%","Maximum Missing Pattern","Six Variables with Missing"," Weak MAR"
0.3304,4.8812,0.9323,0.0782,0.8,"0%","Maximum Missing Pattern","Six Variables with Missing"," Weak MAR"
0.6033,4.6962,0.8716,0.1057,0.7,"0%","Maximum Missing Pattern","Six Variables with Missing"," Weak MAR"
0.8991,4.5597,0.8028,0.129,0.6,"0%","Maximum Missing Pattern","Six Variables with Missing"," Weak MAR"
1.2052,4.4573,0.7296,0.1494,0.5,"0%","Maximum Missing Pattern","Six Variables with Missing"," Weak MAR"
1.5146,4.3807,0.6543,0.1675,0.4,"0%","Maximum Missing Pattern","Six Variables with Missing"," Weak MAR"
1.7912,4.3251,0.5859,0.1821,0.3,"0%","Maximum Missing Pattern","Six Variables with Missing"," Weak MAR"
1.9814,4.2872,0.5379,0.1915,0.2,"0%","Maximum Missing Pattern","Six Variables with Missing"," Weak MAR"
1e-04,4.0984,1,5e-04,1,"20%","Maximum Missing Pattern","Six Variables with Missing"," Weak MAR"
0.0658,3.8234,0.9828,0.0349,0.9,"20%","Maximum Missing Pattern","Six Variables with Missing"," Weak MAR"
0.2028,3.6449,0.9444,0.0613,0.8,"20%","Maximum Missing Pattern","Six Variables with Missing"," Weak MAR"
0.369,3.5211,0.8952,0.0827,0.7,"20%","Maximum Missing Pattern","Six Variables with Missing"," Weak MAR"
0.5408,3.4304,0.8424,0.1001,0.6,"20%","Maximum Missing Pattern","Six Variables with Missing"," Weak MAR"
0.7068,3.364,0.7899,0.1144,0.5,"20%","Maximum Missing Pattern","Six Variables with Missing"," Weak MAR"
0.8497,3.3178,0.7439,0.1254,0.4,"20%","Maximum Missing Pattern","Six Variables with Missing"," Weak MAR"
0.9629,3.2821,0.7066,0.1335,0.3,"20%","Maximum Missing Pattern","Six Variables with Missing"," Weak MAR"
1.0449,3.2589,0.6794,0.1391,0.2,"20%","Maximum Missing Pattern","Six Variables with Missing"," Weak MAR"
1e-04,3.685,1,0,1,"50%","Maximum Missing Pattern","Six Variables with Missing"," Weak MAR"
0.0468,3.4443,0.9864,0.0294,0.9,"50%","Maximum Missing Pattern","Six Variables with Missing"," Weak MAR"
0.1447,3.2808,0.9559,0.0518,0.8,"50%","Maximum Missing Pattern","Six Variables with Missing"," Weak MAR"
0.2614,3.1618,0.9173,0.0696,0.7,"50%","Maximum Missing Pattern","Six Variables with Missing"," Weak MAR"
0.3776,3.0699,0.877,0.0836,0.6,"50%","Maximum Missing Pattern","Six Variables with Missing"," Weak MAR"
0.486,3.0015,0.8381,0.0949,0.5,"50%","Maximum Missing Pattern","Six Variables with Missing"," Weak MAR"
0.5756,2.9515,0.805,0.1032,0.4,"50%","Maximum Missing Pattern","Six Variables with Missing"," Weak MAR"
0.6486,2.9171,0.7777,0.1096,0.3,"50%","Maximum Missing Pattern","Six Variables with Missing"," Weak MAR"
0.701,2.8919,0.7576,0.1139,0.2,"50%","Maximum Missing Pattern","Six Variables with Missing"," Weak MAR"
1e-04,5.5509,1,3e-04,1,"0%","Maximum Missing Pattern","Six Variables with Missing","Strong MAR"
0.1071,5.1431,0.9792,0.0445,0.9,"0%","Maximum Missing Pattern","Six Variables with Missing","Strong MAR"
0.3304,4.8812,0.9323,0.0782,0.8,"0%","Maximum Missing Pattern","Six Variables with Missing","Strong MAR"
0.6033,4.6962,0.8716,0.1057,0.7,"0%","Maximum Missing Pattern","Six Variables with Missing","Strong MAR"
0.8991,4.5597,0.8028,0.129,0.6,"0%","Maximum Missing Pattern","Six Variables with Missing","Strong MAR"
1.2052,4.4573,0.7296,0.1494,0.5,"0%","Maximum Missing Pattern","Six Variables with Missing","Strong MAR"
1.5146,4.3807,0.6543,0.1675,0.4,"0%","Maximum Missing Pattern","Six Variables with Missing","Strong MAR"
1.7912,4.3251,0.5859,0.1821,0.3,"0%","Maximum Missing Pattern","Six Variables with Missing","Strong MAR"
1.9814,4.2872,0.5379,0.1915,0.2,"0%","Maximum Missing Pattern","Six Variables with Missing","Strong MAR"
1e-04,4.3439,1,0,1,"20%","Maximum Missing Pattern","Six Variables with Missing","Strong MAR"
0.082,4.0877,0.98,0.039,0.9,"20%","Maximum Missing Pattern","Six Variables with Missing","Strong MAR"
0.2535,3.943,0.9357,0.0685,0.8,"20%","Maximum Missing Pattern","Six Variables with Missing","Strong MAR"
0.4616,3.8534,0.8802,0.0925,0.7,"20%","Maximum Missing Pattern","Six Variables with Missing","Strong MAR"
0.6853,3.7935,0.8194,0.1126,0.6,"20%","Maximum Missing Pattern","Six Variables with Missing","Strong MAR"
0.9097,3.7514,0.7575,0.1298,0.5,"20%","Maximum Missing Pattern","Six Variables with Missing","Strong MAR"
1.1279,3.7269,0.6974,0.1445,0.4,"20%","Maximum Missing Pattern","Six Variables with Missing","Strong MAR"
1.3137,3.7082,0.6457,0.156,0.3,"20%","Maximum Missing Pattern","Six Variables with Missing","Strong MAR"
1.4516,3.6986,0.6075,0.164,0.2,"20%","Maximum Missing Pattern","Six Variables with Missing","Strong MAR"
1e-04,3.3154,1,2e-04,1,"50%","Maximum Missing Pattern","Six Variables with Missing","Strong MAR"
0.0469,3.1677,0.9852,0.0295,0.9,"50%","Maximum Missing Pattern","Six Variables with Missing","Strong MAR"
0.1449,3.0862,0.953,0.0518,0.8,"50%","Maximum Missing Pattern","Six Variables with Missing","Strong MAR"
0.264,3.0366,0.9131,0.0699,0.7,"50%","Maximum Missing Pattern","Six Variables with Missing","Strong MAR"
0.388,3.0033,0.8708,0.0848,0.6,"50%","Maximum Missing Pattern","Six Variables with Missing","Strong MAR"
0.5071,2.9782,0.8297,0.0969,0.5,"50%","Maximum Missing Pattern","Six Variables with Missing","Strong MAR"
0.6155,2.9696,0.7927,0.1068,0.4,"50%","Maximum Missing Pattern","Six Variables with Missing","Strong MAR"
0.7046,2.9615,0.7621,0.1142,0.3,"50%","Maximum Missing Pattern","Six Variables with Missing","Strong MAR"
0.772,2.9582,0.7391,0.1196,0.2,"50%","Maximum Missing Pattern","Six Variables with Missing","Strong MAR"
